Wavelength,Sample1,Sample2,Sample3,Sample4,Sample5,Sample6
190,269.429,257.199,63.62,57.143,157.323,75.832
190.5,266.651,254.819,63.687,56.589,158.45,76.23
191,264.722,253.536,63.559,56.428,159.051,76.634
191.5,262.999,252.718,63.41,56.362,158.934,77.818
192,261.976,250.857,62.819,56.078,159.288,77.246
192.5,259.567,249.215,62.466,56.015,157.685,76.878
193,258.842,248.141,62.393,55.669,157.064,75.546
193.5,256.659,246.655,62.796,56.092,155.426,75.292
194,252.186,244.093,62.372,56.363,155.066,74.84
194.5,248.82,242.073,62.362,56.647,155.079,74.195
195,246.143,239.881,62.261,55.811,154.358,74.8
195.5,244.06,237.449,61.989,55.385,154.651,75.186
196,241.517,235.517,61.825,55.151,154.199,75.369
196.5,239.742,233.225,61.653,54.805,153.864,75.163
197,238.465,229.738,61.117,54.244,153.525,74.583
197.5,235.491,226.537,60.71,53.913,152.238,74.173
198,233.293,224.191,60.4,53.918,150.964,74.035
198.5,230.655,223.024,60.138,53.909,150.177,73.772
199,228.047,221.666,59.849,54.041,150.333,73.595
199.5,226.652,221.17,59.413,53.88,149.735,73.621
200,225.884,220.277,59.316,53.613,148.425,73.783
200.5,224.981,218.894,59.121,53.244,148.015,73.824
201,223.879,217.91,58.872,52.889,147.944,73.744
201.5,223.258,217.075,58.702,52.709,147.716,73.961
202,222.888,215.73,58.62,52.547,147.735,73.967
202.5,221.473,213.893,58.741,52.741,147.382,74.057
203,220.602,212.579,58.948,52.801,146.862,74.146
203.5,219.295,212.782,59.154,52.972,147.171,74.116
204,219.619,213.671,58.994,53.088,147.19,73.981
204.5,219.882,214.594,59.12,52.914,146.622,74.085
205,220.022,214.413,58.981,52.752,146.186,74.194
205.5,219.415,213.32,58.867,52.838,146.655,74.133
206,219.47,212.938,58.314,52.959,146.927,74.202
206.5,219.387,213.024,58.359,52.999,147.029,73.829
207,218.926,212.221,58.283,52.978,146.761,73.735
207.5,217.829,211.273,58.531,52.892,146.533,73.79
208,217.04,209.926,58.475,52.771,146.135,73.814
208.5,215.88,210.217,58.453,52.761,145.556,73.604
209,214.814,210.001,58.208,52.338,145.318,73.234
209.5,213.149,209.519,58.454,52.227,145.075,73.52
210,211.624,208.07,58.393,52.196,144.619,73.402
210.5,210.077,206.725,58.554,52.401,144.511,73.307
211,208.877,204.973,58.39,52.383,144.252,73.055
211.5,207.774,203.627,58.415,52.246,144.096,72.976
212,206.169,201.663,58.038,51.743,143.827,72.846
212.5,205.832,199.696,57.942,51.613,143.565,72.368
213,205.167,197.903,57.487,51.491,143.261,71.646
213.5,203.463,196.567,57.02,50.915,142.563,71.03
214,201.797,195.086,56.226,50.478,142.367,70.863
214.5,200.271,193.83,56.013,50.333,141.827,70.603
215,198.61,191.917,55.785,50.178,140.83,70.196
215.5,196.173,190.328,55.344,49.828,140.233,70.007
216,194.184,188.471,55.037,49.648,139.712,70.079
216.5,191.841,186.981,54.663,49.459,139.073,69.807
217,189.894,185.561,54.443,49.079,138.024,69.087
217.5,188.558,184.091,54.329,48.984,136.87,68.537
218,187.164,182.772,53.987,48.557,135.841,67.977
218.5,184.909,180.799,53.659,48.176,134.572,67.639
219,183.428,179.27,53.33,48.02,133.816,67.296
219.5,181.789,177.391,53.162,47.797,132.874,66.666
220,179.557,175.353,52.655,47.381,131.745,66.349
220.5,177.421,173.28,52.361,47.044,131.007,66.215
221,175.84,171.569,52.038,46.737,130.23,66.051
221.5,173.917,169.875,51.634,46.373,129.013,65.427
222,172.458,168.225,51.261,45.841,127.653,64.849
222.5,170.65,166.328,50.569,45.217,126.579,64.238
223,168.774,164.254,49.752,44.605,125.318,63.395
223.5,166.14,161.581,49.063,44.156,123.978,62.57
224,163.523,158.806,48.342,43.584,122.595,61.703
224.5,160.387,155.851,47.282,42.835,120.946,60.867
225,156.873,152.707,46.633,42.082,119.237,60.166
225.5,153.391,149.354,45.985,41.431,117.581,59.367
226,149.975,145.856,45.247,40.713,115.877,58.468
226.5,146.346,142.445,44.482,39.989,113.898,57.482
227,143.122,139.295,43.704,39.326,112.063,56.585
227.5,140.544,136.877,42.896,38.56,110.288,55.453
228,138.557,134.954,42.132,38.065,108.589,54.459
228.5,136.904,133.334,41.513,37.604,107.026,53.694
229,135.687,132.107,40.852,37.093,105.706,52.95
229.5,134.557,131.161,40.273,36.655,104.467,52.26
230,133.449,130.172,39.91,36.177,103.214,51.64
230.5,131.987,128.717,39.428,35.746,101.995,50.93
231,129.973,126.657,38.792,35.249,100.67,50.307
231.5,127.482,124.202,38.133,34.682,99.226,49.542
232,124.801,121.649,37.43,34.116,97.665,48.773
232.5,122.279,119.264,36.76,33.553,96.105,47.974
233,119.893,117.095,36.186,33.072,94.656,47.309
233.5,117.592,115.016,35.625,32.603,93.25,46.656
234,115.55,113.036,35.065,32.129,91.929,45.933
234.5,113.996,111.439,34.635,31.718,90.685,45.3
235,112.812,110.252,34.318,31.392,89.54,44.784
235.5,111.728,109.122,33.93,30.981,88.57,44.3
236,110.742,108.133,33.597,30.682,87.658,43.927
236.5,109.667,106.916,33.268,30.385,86.799,43.435
237,108.565,105.81,32.984,30.064,85.98,42.992
237.5,107.445,104.742,32.706,29.851,85.214,42.64
238,106.424,103.861,32.436,29.596,84.433,42.326
238.5,105.171,102.719,32.194,29.402,83.673,42.076
239,104.04,101.589,31.977,29.229,82.988,41.841
239.5,102.885,100.486,31.809,29.069,82.303,41.634
240,101.718,99.447,31.597,28.948,81.739,41.411
240.5,100.705,98.458,31.408,28.738,81.221,41.174
241,100.07,97.89,31.257,28.599,80.78,40.916
241.5,99.85,97.57,31.126,28.426,80.441,40.628
242,99.963,97.76,31.067,28.284,80.105,40.41
242.5,100.28,98.088,31.022,28.218,79.834,40.277
243,100.724,98.532,30.99,28.18,79.576,40.174
243.5,100.986,98.654,30.998,28.17,79.383,40.209
244,100.922,98.515,30.987,28.148,79.169,40.262
244.5,100.132,97.77,30.984,28.133,78.981,40.243
245,99.169,96.773,30.907,28.118,78.897,40.143
245.5,98.329,95.916,30.85,28.087,78.872,40.095
246,97.939,95.592,30.838,28.039,78.842,40.02
246.5,98.091,95.793,30.792,28.026,78.85,39.923
247,98.608,96.411,30.865,28.05,78.784,39.929
247.5,99.487,97.312,30.985,28.055,78.784,39.923
248,100.525,98.406,31.036,28.164,78.826,39.975
248.5,101.516,99.445,31.165,28.223,78.841,40.143
249,102.161,100.131,31.305,28.312,78.887,40.357
249.5,102.117,100.194,31.437,28.438,78.976,40.513
250,101.775,99.971,31.547,28.544,79.201,40.64
250.5,101.498,99.806,31.65,28.669,79.414,40.715
251,101.664,99.974,31.689,28.785,79.653,40.703
251.5,101.906,100.191,31.744,28.794,79.909,40.694
252,102.437,100.647,31.9,28.888,79.974,40.797
252.5,103.259,101.334,31.936,28.898,80.159,40.799
253,104.212,102.28,31.999,29.054,80.281,40.98
253.5,105.109,103.181,32.067,29.175,80.382,41.152
254,105.809,103.81,32.089,29.308,80.592,41.335
254.5,105.945,104.049,32.193,29.498,80.724,41.561
255,105.876,104.069,32.332,29.605,80.947,41.708
255.5,105.91,104.177,32.43,29.679,80.983,41.774
256,106.169,104.382,32.518,29.726,81.083,41.782
256.5,106.428,104.62,32.644,29.742,81.115,41.847
257,106.808,104.917,32.698,29.757,81.13,41.93
257.5,107.08,104.963,32.745,29.723,81.171,41.931
258,107.19,105.001,32.837,29.732,81.11,42.001
258.5,107.302,105.027,32.825,29.698,81.135,41.966
259,107.549,105.25,32.801,29.677,81.225,41.921
259.5,108.117,105.844,32.85,29.658,81.24,41.865
260,108.89,106.775,32.846,29.553,81.199,41.795
260.5,109.766,107.784,32.787,29.501,81.038,41.74
261,110.681,108.813,32.778,29.566,80.936,41.621
261.5,111.388,109.648,32.677,29.673,80.794,41.585
262,111.754,110.087,32.594,29.686,80.64,41.698
262.5,111.783,110.079,32.536,29.689,80.562,41.624
263,111.514,109.704,32.556,29.751,80.444,41.642
263.5,111.369,109.43,32.485,29.814,80.358,41.637
264,111.254,109.242,32.41,29.791,80.199,41.579
264.5,111.275,109.123,32.345,29.64,80.081,41.455
265,111.096,108.946,32.301,29.448,79.737,41.46
265.5,110.821,108.655,32.175,29.288,79.457,41.262
266,110.478,108.355,32.125,29.164,79.174,41.041
266.5,110.194,108.125,31.932,28.975,78.794,40.875
267,109.894,107.755,31.671,28.694,78.376,40.719
267.5,109.608,107.394,31.338,28.45,78.04,40.386
268,109.072,106.838,31.146,28.309,77.503,40.109
268.5,108.851,106.493,30.755,28.022,77.042,39.674
269,108.221,105.707,30.445,27.817,76.491,39.259
269.5,107.252,104.53,30.202,27.55,75.898,38.854
270,105.987,103.284,29.977,27.322,75.195,38.504
270.5,104.93,102.193,29.626,27.057,74.597,37.993
271,103.998,101.215,29.302,26.725,74.016,37.594
271.5,103.193,100.599,28.902,26.366,73.439,37.293
272,102.228,99.725,28.538,26.102,72.748,36.998
272.5,101.305,99.114,28.201,25.831,72.092,36.699
273,100.391,98.52,27.943,25.569,71.394,36.383
273.5,99.776,97.894,27.545,25.24,70.849,35.96
274,98.558,96.743,27.277,25.11,70.191,35.606
274.5,97.163,95.312,27.055,24.973,69.479,35.277
275,95.872,93.967,26.733,24.788,68.824,34.86
275.5,94.831,92.742,26.399,24.571,68.105,34.498
276,93.872,91.598,26.055,24.233,67.477,34.127
276.5,92.876,90.599,25.726,23.946,66.826,33.812
277,92.043,89.736,25.47,23.646,66.187,33.413
277.5,91.305,89.034,25.126,23.284,65.605,33.064
278,90.669,88.363,24.867,23.02,65.045,32.786
278.5,90.076,87.76,24.605,22.795,64.536,32.56
279,89.218,86.934,24.371,22.651,64.001,32.357
279.5,88.322,86.046,24.155,22.448,63.464,32.149
280,87.369,85.171,23.991,22.304,62.915,31.983
280.5,86.51,84.329,23.813,22.163,62.365,31.828
281,85.709,83.535,23.638,21.956,61.809,31.529
281.5,85.127,82.941,23.399,21.743,61.324,31.22
282,84.719,82.503,23.164,21.502,60.919,30.93
282.5,84.117,81.944,22.872,21.26,60.543,30.668
283,83.666,81.416,22.744,21.164,60.104,30.428
283.5,83.208,80.976,22.538,21.067,59.694,30.17
284,82.631,80.402,22.344,20.952,59.234,29.911
284.5,81.899,79.804,22.171,20.785,58.774,29.646
285,81.16,79.2,22.055,20.67,58.334,29.45
285.5,80.61,78.716,21.904,20.528,57.883,29.247
286,80.315,78.485,21.758,20.335,57.438,28.989
286.5,80.272,78.478,21.583,20.175,57.084,28.789
287,80.164,78.224,21.444,19.994,56.708,28.666
287.5,79.734,77.948,21.293,19.848,56.407,28.558
288,79.474,77.532,21.197,19.754,56.049,28.371
288.5,78.911,76.999,21.04,19.665,55.697,28.172
289,78.252,76.373,20.916,19.566,55.282,27.994
289.5,77.445,75.664,20.711,19.397,54.896,27.743
290,76.888,75.087,20.539,19.263,54.567,27.519
290.5,76.5,74.747,20.371,19.166,54.243,27.33
291,76.3,74.529,20.2,18.982,53.936,27.158
291.5,76.144,74.316,20.061,18.881,53.588,26.993
292,75.943,73.943,19.884,18.736,53.249,26.884
292.5,75.355,73.456,19.726,18.698,52.973,26.772
293,74.945,72.993,19.543,18.583,52.74,26.632
293.5,74.248,72.456,19.452,18.492,52.384,26.568
294,73.725,72.006,19.319,18.346,51.985,26.381
294.5,73.212,71.6,19.129,18.183,51.668,26.154
295,72.838,71.225,19.067,18.051,51.367,25.95
295.5,72.399,70.81,18.945,17.928,51.054,25.743
296,71.934,70.309,18.881,17.784,50.701,25.592
296.5,71.495,69.901,18.739,17.58,50.382,25.352
297,71.02,69.496,18.595,17.444,50.056,25.182
297.5,70.524,69.01,18.526,17.371,49.722,24.996
298,70.274,68.755,18.417,17.284,49.484,24.858
298.5,70.095,68.627,18.323,17.128,49.15,24.743
299,70.043,68.551,18.194,17.035,48.857,24.57
299.5,69.814,68.268,18.035,16.87,48.526,24.438
300,69.482,67.787,17.924,16.737,48.108,24.289
300.5,68.976,67.14,17.681,16.577,47.687,24.072
301,68.372,66.665,17.526,16.42,47.281,23.916
301.5,67.809,66.186,17.391,16.287,46.901,23.799
302,67.226,65.721,17.302,16.222,46.515,23.659
302.5,66.732,65.202,17.244,16.114,46.138,23.45
303,66.328,64.839,17.165,16.024,45.912,23.262
303.5,65.858,64.408,17.046,15.879,45.708,23.066
304,65.405,63.936,17.029,15.892,45.381,22.912
304.5,64.92,63.328,16.89,15.786,45,22.725
305,64.508,62.776,16.744,15.682,44.615,22.499
305.5,64.014,62.24,16.572,15.545,44.21,22.225
306,63.584,61.942,16.357,15.418,43.794,22.067
306.5,63.266,61.552,16.252,15.359,43.351,22.001
307,62.817,61.161,16.053,15.172,42.974,21.805
307.5,62.304,60.735,15.878,14.944,42.59,21.603
308,61.721,60.322,15.718,14.794,42.216,21.457
308.5,61.133,59.788,15.561,14.694,41.822,21.289
309,60.634,59.393,15.49,14.666,41.417,21.167
309.5,60.191,58.93,15.358,14.568,41.072,20.928
310,59.799,58.497,15.279,14.462,40.776,20.761
310.5,59.381,58.118,15.132,14.366,40.453,20.497
311,59.055,57.836,15.004,14.259,40.09,20.345
311.5,58.769,57.449,14.931,14.169,39.759,20.246
312,58.485,57.244,14.786,14.003,39.477,20.086
312.5,58.088,56.935,14.685,13.87,39.157,19.935
313,57.593,56.58,14.584,13.764,38.823,19.786
313.5,57.2,56.265,14.435,13.712,38.508,19.607
314,56.832,55.897,14.313,13.614,38.243,19.466
314.5,56.391,55.433,14.145,13.481,37.981,19.277
315,55.977,55.02,13.986,13.385,37.694,19.16
315.5,55.571,54.669,13.87,13.284,37.375,19.045
316,55.304,54.358,13.857,13.182,37.008,18.996
316.5,55.138,54.121,13.836,13.104,36.624,18.977
317,54.988,54.008,13.749,12.958,36.292,18.892
317.5,54.768,53.756,13.704,12.853,35.931,18.765
318,54.454,53.478,13.571,12.667,35.618,18.533
318.5,54.112,53.077,13.43,12.552,35.368,18.345
319,53.724,52.642,13.273,12.463,35.097,18.141
319.5,53.215,52.186,13.071,12.357,34.879,17.918
320,52.801,51.789,12.954,12.348,34.6,17.765
320.5,52.449,51.515,12.911,12.344,34.331,17.671
321,52.262,51.286,12.913,12.33,34.063,17.618
321.5,52.044,51.1,12.946,12.278,33.795,17.592
322,51.716,50.83,12.873,12.159,33.596,17.476
322.5,51.409,50.52,12.799,12.027,33.321,17.333
323,51.015,50.183,12.624,11.841,33.081,17.197
323.5,50.571,49.688,12.49,11.738,32.979,17.091
324,50.122,49.359,12.374,11.738,32.826,17.004
324.5,49.775,49.052,12.206,11.704,32.708,16.919
325,49.547,48.856,12.049,11.644,32.559,16.803
325.5,49.445,48.867,12.029,11.619,32.347,16.768
326,49.45,48.813,11.996,11.596,32.093,16.742
326.5,49.422,48.668,11.911,11.494,31.855,16.601
327,49.383,48.466,11.857,11.471,31.654,16.402
327.5,49.384,48.396,11.822,11.479,31.436,16.273
328,49.301,48.308,11.742,11.394,31.259,16.164
328.5,49.142,48.201,11.673,11.3,31.162,16.046
329,48.911,48.056,11.699,11.299,31.008,16.051
329.5,48.749,47.878,11.701,11.299,30.81,16.043
330,48.534,47.73,11.683,11.21,30.656,15.98
330.5,48.278,47.541,11.729,11.104,30.488,15.976
331,47.937,47.167,11.626,11.033,30.225,15.896
331.5,47.592,46.769,11.441,10.931,30.065,15.742
332,47.256,46.469,11.332,10.861,30.039,15.621
332.5,47.08,46.29,11.29,10.78,29.96,15.604
333,46.96,46.214,11.141,10.612,29.887,15.503
333.5,46.891,46.198,11.01,10.529,29.779,15.434
334,46.851,46.148,10.976,10.565,29.628,15.384
334.5,46.772,45.971,11.055,10.719,29.454,15.394
335,46.475,45.716,11.091,10.754,29.339,15.361
335.5,46.151,45.39,11.132,10.755,29.191,15.38
336,45.854,45.12,11.115,10.851,28.994,15.395
336.5,45.636,44.891,11.098,10.859,28.916,15.389
337,45.451,44.748,11.131,10.784,28.845,15.373
337.5,45.405,44.645,11.218,10.694,28.708,15.366
338,45.402,44.666,11.168,10.578,28.596,15.272
338.5,45.421,44.677,11.073,10.534,28.453,15.191
339,45.399,44.762,10.992,10.519,28.334,15.134
339.5,45.212,44.571,10.946,10.561,28.272,15.109
340,44.816,44.315,10.867,10.527,28.196,15.074
340.5,44.587,44.211,10.835,10.613,28.11,15.149
341,44.401,44.08,10.777,10.618,28.054,15.141
341.5,44.198,43.837,10.731,10.579,28.016,15.159
342,43.939,43.675,10.667,10.487,27.967,15.038
342.5,43.745,43.438,10.702,10.394,27.915,14.946
343,43.56,43.242,10.741,10.343,27.856,14.864
343.5,43.479,43.126,10.69,10.302,27.775,14.768
344,43.466,43.009,10.596,10.266,27.718,14.665
344.5,43.424,42.851,10.514,10.291,27.7,14.574
345,43.432,42.782,10.478,10.3,27.63,14.542
345.5,43.437,42.714,10.483,10.351,27.501,14.582
346,43.423,42.685,10.455,10.267,27.393,14.528
346.5,43.293,42.572,10.409,10.253,27.255,14.526
347,43.177,42.588,10.345,10.196,27.117,14.436
347.5,43.138,42.662,10.368,10.156,26.993,14.439
348,43.023,42.666,10.406,10.132,26.859,14.438
348.5,42.933,42.573,10.363,10.121,26.757,14.37
349,42.863,42.275,10.345,10.118,26.673,14.275
349.5,42.756,42.096,10.329,10.13,26.623,14.248
350,42.615,41.867,10.324,10.072,26.543,14.162
350.5,42.359,41.514,10.369,10.065,26.406,14.143
351,42.162,41.348,10.328,10.006,26.4,14.082
351.5,41.986,41.148,10.232,9.924,26.297,14.031
352,41.808,41.211,10.141,9.829,26.239,13.982
352.5,41.618,41.14,10.079,9.742,26.202,13.94
353,41.467,41.073,10.061,9.718,26.033,13.892
353.5,41.341,40.971,10.007,9.667,25.946,13.777
354,41.217,40.768,9.977,9.613,25.816,13.675
354.5,41.049,40.562,9.968,9.625,25.63,13.622
355,40.861,40.336,9.939,9.572,25.456,13.512
355.5,40.623,39.983,9.936,9.539,25.324,13.491
356,40.448,39.817,9.849,9.503,25.257,13.474
356.5,40.269,39.601,9.713,9.403,25.186,13.43
357,39.97,39.367,9.632,9.322,25.173,13.416
357.5,39.749,39.136,9.569,9.249,25.106,13.344
358,39.546,38.973,9.493,9.202,25.001,13.257
358.5,39.359,38.778,9.384,9.103,24.918,13.13
359,39.219,38.596,9.297,9.045,24.792,13.035
359.5,38.95,38.296,9.214,9.059,24.649,12.97
360,38.567,37.921,9.131,9.025,24.51,12.862
360.5,38.025,37.407,9.062,9.008,24.378,12.786
361,37.527,37.016,8.989,8.954,24.169,12.691
361.5,37.17,36.705,8.837,8.857,24.008,12.614
362,36.997,36.517,8.797,8.806,23.82,12.611
362.5,36.896,36.435,8.81,8.737,23.649,12.597
363,36.843,36.325,8.798,8.621,23.476,12.512
363.5,36.917,36.377,8.783,8.541,23.318,12.404
364,36.858,36.37,8.816,8.549,23.155,12.355
364.5,36.558,36.162,8.769,8.545,22.976,12.3
365,36.135,35.808,8.634,8.468,22.813,12.16
365.5,35.581,35.351,8.497,8.436,22.619,12.025
366,35.014,34.963,8.306,8.289,22.46,11.833
366.5,34.659,34.605,8.117,8.173,22.339,11.705
367,34.16,34.133,8.066,8.125,22.16,11.627
367.5,33.56,33.531,8.048,7.997,22.015,11.536
368,33.15,33.011,8.001,7.878,21.808,11.433
368.5,32.853,32.712,8.012,7.848,21.63,11.409
369,32.488,32.324,8.073,7.875,21.379,11.461
369.5,32.044,31.894,8.046,7.876,21.151,11.471
370,31.644,31.42,7.937,7.807,20.975,11.412
370.5,31.181,30.962,7.857,7.793,20.725,11.348
371,30.804,30.562,7.659,7.665,20.591,11.181
371.5,30.487,30.157,7.474,7.553,20.43,10.999
372,29.996,29.696,7.404,7.462,20.25,10.823
372.5,29.523,29.316,7.266,7.303,20.128,10.622
373,29.195,28.904,7.174,7.196,19.935,10.487
373.5,28.952,28.578,7.107,7.088,19.793,10.401
374,28.605,28.237,7.042,7.026,19.609,10.311
374.5,28.087,27.683,6.956,6.957,19.48,10.225
375,27.578,27.104,6.905,6.875,19.251,10.155
375.5,27.017,26.541,6.788,6.766,18.975,10.013
376,26.535,26.003,6.635,6.628,18.735,9.852
376.5,26.02,25.531,6.516,6.507,18.505,9.719
377,25.583,25.132,6.424,6.397,18.288,9.601
377.5,25.286,24.853,6.331,6.318,18.109,9.454
378,25.049,24.532,6.224,6.271,17.893,9.369
378.5,24.736,24.234,6.109,6.192,17.738,9.287
379,24.408,24.052,6.033,6.16,17.585,9.193
379.5,24.073,23.83,5.97,6.127,17.439,9.167
380,23.818,23.695,5.876,6.131,17.229,9.102
380.5,23.529,23.412,5.783,6.114,17.004,8.984
381,23.163,23.054,5.765,6.058,16.738,8.917
381.5,22.665,22.564,5.741,5.957,16.524,8.803
382,22.156,21.997,5.671,5.888,16.279,8.643
382.5,21.613,21.38,5.635,5.794,16.048,8.521
383,21.103,20.83,5.456,5.661,15.857,8.4
383.5,20.588,20.339,5.34,5.567,15.691,8.282
384,20.198,19.932,5.214,5.462,15.571,8.17
384.5,19.866,19.682,5.129,5.437,15.368,8.092
385,19.653,19.502,5.013,5.385,15.21,7.998
385.5,19.487,19.299,4.917,5.296,15.022,7.882
386,19.198,19.029,4.858,5.178,14.805,7.77
386.5,18.749,18.671,4.768,5.078,14.604,7.607
387,18.25,18.215,4.72,5.001,14.412,7.406
387.5,17.696,17.724,4.673,4.94,14.234,7.3
388,17.184,17.276,4.601,4.905,14.058,7.234
388.5,16.808,16.828,4.553,4.891,13.89,7.208
389,16.483,16.419,4.513,4.879,13.669,7.207
389.5,16.184,16.111,4.538,4.836,13.377,7.213
390,15.805,15.755,4.496,4.754,13.165,7.196
390.5,15.453,15.357,4.349,4.594,12.973,7.09
391,15.069,14.944,4.192,4.451,12.755,6.945
391.5,14.67,14.598,4.008,4.295,12.616,6.77
392,14.226,14.139,3.879,4.096,12.489,6.56
392.5,13.655,13.52,3.751,3.995,12.337,6.431
393,13.025,12.857,3.673,3.932,12.198,6.314
393.5,12.653,12.408,3.595,3.82,12.102,6.147
394,12.458,12.178,3.576,3.801,11.938,6.074
394.5,12.273,12.001,3.568,3.749,11.75,6.028
395,12.081,11.827,3.513,3.708,11.572,5.952
395.5,11.959,11.692,3.428,3.654,11.411,5.846
396,11.922,11.637,3.424,3.622,11.183,5.855
396.5,11.82,11.648,3.432,3.59,11.023,5.854
397,11.524,11.434,3.41,3.561,10.843,5.863
397.5,11.114,11.073,3.366,3.573,10.652,5.878
398,10.775,10.763,3.332,3.577,10.52,5.842
398.5,10.526,10.566,3.261,3.551,10.417,5.763
399,10.326,10.407,3.176,3.534,10.308,5.714
399.5,10.086,10.159,3.045,3.481,10.229,5.59
400,9.806,9.914,2.98,3.451,10.123,5.482
400.5,9.433,9.539,2.857,3.328,10.027,5.316
401,9.104,9.221,2.801,3.239,9.877,5.211
401.5,8.723,8.911,2.769,3.181,9.794,5.094
402,8.386,8.59,2.728,3.14,9.689,5.029
402.5,8.111,8.338,2.675,3.084,9.571,4.987
403,7.992,8.167,2.662,3.039,9.444,5.01
403.5,7.861,8.006,2.666,3.055,9.301,5.029
404,7.825,7.915,2.624,3.032,9.191,4.981
404.5,7.783,7.846,2.571,3.023,9.094,4.94
405,7.601,7.691,2.584,3.032,9.005,4.928
405.5,7.422,7.52,2.481,2.962,8.917,4.824
406,7.322,7.438,2.395,2.907,8.785,4.709
406.5,7.127,7.335,2.366,2.869,8.693,4.622
407,6.915,7.191,2.328,2.827,8.595,4.567
407.5,6.678,6.943,2.253,2.775,8.512,4.546
408,6.504,6.79,2.231,2.718,8.432,4.562
408.5,6.308,6.622,2.215,2.732,8.381,4.53
409,6.241,6.508,2.19,2.694,8.332,4.475
409.5,6.021,6.327,2.146,2.621,8.295,4.422
410,5.724,5.989,2.183,2.618,8.293,4.358
410.5,5.536,5.738,2.157,2.618,8.211,4.264
411,5.372,5.509,2.182,2.61,8.073,4.219
411.5,5.153,5.334,2.212,2.633,7.944,4.197
412,4.944,5.149,2.181,2.621,7.839,4.208
412.5,4.76,4.968,2.134,2.564,7.781,4.203
413,4.644,4.883,2.067,2.48,7.75,4.18
413.5,4.635,4.824,2.012,2.488,7.722,4.151
414,4.58,4.74,1.957,2.457,7.666,4.145
414.5,4.36,4.515,1.884,2.395,7.687,4.072
415,4.085,4.198,1.899,2.389,7.625,4.016
415.5,3.816,3.87,1.864,2.382,7.507,3.943
416,3.651,3.652,1.892,2.391,7.402,3.915
416.5,3.541,3.588,1.882,2.389,7.28,3.87
417,3.486,3.604,1.878,2.359,7.175,3.88
417.5,3.36,3.573,1.844,2.319,7.154,3.847
418,3.375,3.581,1.827,2.311,7.139,3.83
418.5,3.577,3.733,1.857,2.314,7.11,3.835
419,3.649,3.817,1.834,2.279,7.097,3.805
419.5,3.627,3.775,1.811,2.215,7.144,3.741
420,3.52,3.687,1.797,2.142,7.105,3.696
420.5,3.409,3.562,1.787,2.062,7.063,3.651
421,3.371,3.504,1.772,2.031,7.008,3.606
421.5,3.386,3.542,1.777,2.045,6.915,3.573
422,3.388,3.559,1.784,2.028,6.838,3.548
422.5,3.227,3.44,1.744,2.059,6.805,3.506
423,3.179,3.362,1.759,2.08,6.793,3.484
423.5,3.33,3.465,1.736,2.048,6.805,3.41
424,3.415,3.543,1.699,2.04,6.778,3.377
424.5,3.485,3.581,1.653,1.964,6.805,3.332
425,3.531,3.699,1.638,1.918,6.743,3.318
425.5,3.579,3.735,1.602,1.828,6.676,3.262
426,3.544,3.727,1.556,1.805,6.557,3.237
426.5,3.547,3.691,1.555,1.789,6.459,3.203
427,3.421,3.536,1.552,1.776,6.372,3.203
427.5,3.209,3.289,1.528,1.808,6.283,3.225
428,2.983,3.057,1.49,1.817,6.204,3.242
428.5,2.902,2.969,1.425,1.806,6.178,3.225
429,2.829,2.921,1.344,1.812,6.132,3.224
429.5,2.822,2.944,1.298,1.791,6.096,3.24
430,2.857,3.123,1.274,1.776,6.019,3.252
430.5,2.841,3.161,1.236,1.696,5.991,3.207
431,2.706,3.07,1.223,1.657,5.917,3.155
431.5,2.619,2.909,1.271,1.651,5.871,3.125
432,2.512,2.793,1.355,1.732,5.832,3.141
432.5,2.456,2.636,1.436,1.82,5.783,3.144
433,2.391,2.566,1.479,1.869,5.713,3.136
433.5,2.389,2.52,1.51,1.883,5.706,3.103
434,2.381,2.496,1.541,1.953,5.667,3.114
434.5,2.48,2.584,1.494,1.95,5.621,3.116
435,2.543,2.699,1.402,1.889,5.588,3.114
435.5,2.547,2.727,1.322,1.809,5.6,3.101
436,2.489,2.705,1.275,1.746,5.608,3.109
436.5,2.45,2.665,1.237,1.715,5.583,3.117
437,2.383,2.662,1.199,1.673,5.581,3.067
437.5,2.205,2.53,1.2,1.586,5.563,3.034
438,2.132,2.443,1.245,1.578,5.502,2.995
438.5,2.035,2.306,1.28,1.595,5.425,2.909
439,1.96,2.205,1.321,1.612,5.318,2.857
439.5,1.898,2.049,1.271,1.59,5.254,2.772
440,1.697,1.84,1.209,1.554,5.2,2.711
440.5,1.576,1.733,1.171,1.546,5.207,2.689
441,1.451,1.613,1.176,1.563,5.233,2.721
441.5,1.309,1.479,1.16,1.57,5.234,2.758
442,1.216,1.423,1.153,1.568,5.238,2.769
442.5,1.104,1.375,1.169,1.567,5.19,2.868
443,1.14,1.424,1.252,1.663,5.081,2.985
443.5,1.273,1.546,1.313,1.716,4.978,3.009
444,1.426,1.698,1.336,1.735,4.924,3.023
444.5,1.424,1.659,1.323,1.704,4.922,2.971
445,1.294,1.564,1.25,1.628,4.914,2.891
445.5,1.245,1.526,1.147,1.561,4.997,2.792
446,1.225,1.416,1.064,1.503,5.058,2.718
446.5,1.125,1.335,0.974,1.41,5.13,2.616
447,1.137,1.315,0.957,1.409,5.145,2.58
447.5,1.238,1.405,0.934,1.401,5.112,2.586
448,1.303,1.475,0.954,1.408,5.032,2.615
448.5,1.535,1.697,1.021,1.405,4.937,2.621
449,1.726,1.977,1.042,1.419,4.842,2.607
449.5,1.736,2.023,1.017,1.413,4.742,2.603
450,1.67,1.965,0.992,1.412,4.672,2.598
450.5,1.678,1.982,0.954,1.413,4.644,2.581
451,1.609,1.881,0.924,1.42,4.637,2.583
451.5,1.479,1.777,0.9,1.423,4.656,2.555
452,1.355,1.586,0.956,1.461,4.631,2.591
452.5,1.274,1.443,0.979,1.489,4.616,2.624
453,1.116,1.25,0.989,1.459,4.558,2.634
453.5,1.044,1.184,1.044,1.419,4.494,2.648
454,0.972,1.197,1.071,1.438,4.391,2.647
454.5,0.833,1.056,1.06,1.491,4.293,2.654
455,0.741,1.013,1.031,1.452,4.225,2.597
455.5,0.705,1.003,0.974,1.408,4.198,2.533
456,0.611,0.934,0.891,1.385,4.214,2.473
456.5,0.54,0.901,0.825,1.376,4.235,2.418
457,0.41,0.79,0.759,1.349,4.268,2.386
457.5,0.329,0.686,0.707,1.323,4.348,2.371
458,0.237,0.531,0.618,1.235,4.39,2.323
458.5,0.177,0.432,0.643,1.225,4.387,2.338
459,0.085,0.308,0.648,1.228,4.342,2.337
459.5,0.042,0.262,0.673,1.219,4.294,2.3
460,0.166,0.353,0.684,1.148,4.259,2.251
460.5,0.33,0.472,0.67,1.084,4.258,2.228
461,0.465,0.633,0.657,1.063,4.242,2.213
461.5,0.515,0.748,0.705,1.114,4.201,2.24
462,0.559,0.86,0.717,1.172,4.19,2.269
462.5,0.627,0.994,0.732,1.209,4.211,2.287
463,0.7,1.091,0.722,1.235,4.189,2.261
463.5,0.686,1.118,0.809,1.291,4.125,2.323
464,0.577,1.059,0.814,1.251,4.048,2.314
464.5,0.52,1.043,0.796,1.176,4.025,2.263
465,0.562,1.017,0.788,1.167,3.972,2.237
465.5,0.501,0.897,0.759,1.132,3.947,2.212
466,0.443,0.8,0.718,1.117,3.877,2.192
466.5,0.368,0.661,0.716,1.166,3.793,2.232
467,0.383,0.643,0.666,1.196,3.669,2.272
467.5,0.48,0.769,0.611,1.234,3.581,2.258
468,0.47,0.781,0.611,1.268,3.479,2.266
468.5,0.317,0.625,0.647,1.213,3.402,2.322
469,0.188,0.507,0.627,1.174,3.377,2.34
469.5,0.081,0.433,0.605,1.161,3.404,2.335
470,0.071,0.412,0.669,1.245,3.39,2.361
470.5,0.041,0.369,0.743,1.297,3.42,2.371
471,0.041,0.382,0.769,1.307,3.436,2.325
471.5,0.008,0.33,0.793,1.338,3.405,2.359
472,0.019,0.373,0.824,1.387,3.327,2.38
472.5,0.007,0.454,0.866,1.419,3.259,2.368
473,0.025,0.511,0.88,1.425,3.228,2.346
473.5,-0.021,0.484,0.828,1.367,3.226,2.346
474,-0.074,0.411,0.748,1.339,3.287,2.329
474.5,-0.06,0.367,0.716,1.355,3.303,2.307
475,-0.088,0.307,0.719,1.378,3.33,2.303
475.5,-0.14,0.211,0.702,1.36,3.342,2.301
476,-0.277,0.05,0.624,1.28,3.312,2.202
476.5,-0.496,-0.161,0.564,1.209,3.26,2.149
477,-0.582,-0.244,0.567,1.176,3.227,2.119
477.5,-0.543,-0.185,0.572,1.111,3.189,2.092
478,-0.415,-0.046,0.562,1.096,3.172,2.084
478.5,-0.3,0.02,0.558,1.086,3.157,2.103
479,-0.319,-0.007,0.542,1.089,3.191,2.105
479.5,-0.319,-0.053,0.564,1.091,3.175,2.098
480,-0.542,-0.292,0.603,1.097,3.154,2.1
480.5,-0.855,-0.596,0.604,1.094,3.106,2.098
481,-1.097,-0.808,0.608,1.092,3.057,2.059
481.5,-1.33,-1.008,0.645,1.091,3.078,2.008
482,-1.465,-1.136,0.658,1.068,3.12,1.944
482.5,-1.539,-1.212,0.625,1.024,3.183,1.89
483,-1.571,-1.219,0.642,1.017,3.198,1.829
483.5,-1.53,-1.218,0.643,0.985,3.17,1.787
484,-1.511,-1.188,0.621,1.003,3.145,1.761
484.5,-1.377,-1.083,0.592,0.972,3.065,1.727
485,-1.202,-0.906,0.582,0.96,2.962,1.728
485.5,-1.01,-0.738,0.55,0.942,2.89,1.758
486,-0.701,-0.435,0.556,0.966,2.843,1.797
486.5,-0.45,-0.205,0.554,0.983,2.837,1.852
487,-0.227,0.004,0.532,0.979,2.896,1.848
487.5,-0.07,0.126,0.504,0.974,2.971,1.864
488,0.051,0.184,0.486,0.937,3.021,1.842
488.5,0.036,0.156,0.407,0.884,3.082,1.825
489,-0.082,0.039,0.353,0.849,3.119,1.845
489.5,-0.191,-0.079,0.355,0.833,3.113,1.876
490,-0.319,-0.135,0.341,0.81,3.127,1.876
490.5,-0.463,-0.198,0.374,0.801,3.129,1.862
491,-0.535,-0.222,0.403,0.832,3.105,1.864
491.5,-0.522,-0.232,0.437,0.834,3.078,1.866
492,-0.47,-0.165,0.5,0.898,3.02,1.895
492.5,-0.497,-0.216,0.542,0.995,2.964,1.939
493,-0.546,-0.335,0.515,1.002,2.91,1.914
493.5,-0.7,-0.476,0.47,0.986,2.882,1.894
494,-0.828,-0.579,0.446,0.967,2.796,1.893
494.5,-1.052,-0.846,0.434,0.957,2.736,1.854
495,-1.317,-1.083,0.326,0.869,2.718,1.775
495.5,-1.521,-1.244,0.307,0.833,2.701,1.742
496,-1.47,-1.269,0.296,0.795,2.697,1.744
496.5,-1.361,-1.236,0.275,0.739,2.724,1.744
497,-1.226,-1.072,0.225,0.739,2.714,1.756
497.5,-1.204,-0.985,0.218,0.778,2.717,1.76
498,-1.105,-0.864,0.232,0.819,2.667,1.767
498.5,-0.989,-0.649,0.301,0.884,2.564,1.821
499,-0.852,-0.418,0.358,0.927,2.418,1.881
499.5,-0.856,-0.417,0.409,0.999,2.297,1.903
500,-0.974,-0.519,0.408,0.976,2.197,1.904
500.5,-1.033,-0.537,0.478,1.012,2.112,1.96
501,-1.073,-0.672,0.498,0.997,2.071,1.944
501.5,-1.179,-0.796,0.496,0.952,2.062,1.939
502,-1.347,-0.994,0.459,0.935,2.056,1.938
502.5,-1.449,-1.109,0.415,0.862,2.14,1.844
503,-1.409,-1.132,0.413,0.853,2.191,1.78
503.5,-1.319,-1.044,0.433,0.859,2.182,1.753
504,-1.234,-0.966,0.393,0.823,2.196,1.72
504.5,-1.201,-0.883,0.365,0.842,2.214,1.693
505,-1.291,-0.941,0.311,0.837,2.189,1.731
505.5,-1.458,-1.08,0.304,0.906,2.125,1.78
506,-1.725,-1.401,0.251,0.954,2.126,1.767
506.5,-1.971,-1.588,0.194,0.979,2.099,1.789
507,-2.117,-1.685,0.13,1.017,2.079,1.805
507.5,-2.003,-1.635,0.025,0.913,2.181,1.713
508,-1.863,-1.528,0.025,0.854,2.262,1.599
508.5,-1.839,-1.551,0.127,0.869,2.289,1.587
509,-1.851,-1.587,0.134,0.783,2.373,1.512
509.5,-1.924,-1.547,0.152,0.758,2.472,1.523
510,-2.06,-1.655,0.142,0.767,2.569,1.541
510.5,-2.306,-1.855,0.179,0.767,2.595,1.546
511,-2.505,-2.044,0.183,0.821,2.648,1.547
511.5,-2.631,-2.119,0.151,0.841,2.617,1.574
512,-2.576,-2.092,0.119,0.831,2.512,1.576
512.5,-2.415,-1.984,0.101,0.764,2.452,1.567
513,-2.342,-1.972,0.136,0.751,2.35,1.563
513.5,-2.458,-2.174,0.211,0.788,2.222,1.647
514,-2.499,-2.251,0.193,0.754,2.14,1.594
514.5,-2.568,-2.276,0.188,0.828,2.086,1.618
515,-2.659,-2.303,0.195,0.872,2.066,1.608
515.5,-2.675,-2.264,0.203,0.869,2.023,1.576
516,-2.631,-2.216,0.241,0.935,1.972,1.623
516.5,-2.598,-2.203,0.274,0.956,2.001,1.688
517,-2.536,-2.174,0.294,0.903,1.989,1.733
517.5,-2.538,-2.17,0.356,0.866,1.981,1.757
518,-2.614,-2.293,0.351,0.798,2.002,1.76
518.5,-2.663,-2.34,0.304,0.679,2.084,1.722
519,-2.702,-2.367,0.298,0.621,2.107,1.59
519.5,-2.721,-2.375,0.286,0.634,2.124,1.522
520,-2.768,-2.393,0.218,0.567,2.159,1.446
520.5,-2.736,-2.33,0.168,0.526,2.202,1.367
521,-2.656,-2.251,0.111,0.565,2.203,1.393
521.5,-2.676,-2.219,0.088,0.594,2.233,1.482
522,-2.63,-2.176,0.096,0.671,2.2,1.578
522.5,-2.629,-2.232,0.169,0.795,2.101,1.637
523,-2.593,-2.179,0.207,0.847,2.008,1.671
523.5,-2.379,-1.94,0.221,0.855,1.975,1.64
524,-2.184,-1.772,0.3,0.912,1.892,1.603
524.5,-1.985,-1.619,0.266,0.884,1.911,1.55
525,-1.875,-1.521,0.234,0.757,1.988,1.479
525.5,-1.912,-1.532,0.179,0.666,2.084,1.398
526,-2.027,-1.696,0.14,0.587,2.175,1.354
526.5,-2.304,-1.947,0.106,0.527,2.265,1.339
527,-2.678,-2.349,0.138,0.526,2.324,1.342
527.5,-3.098,-2.764,0.199,0.605,2.295,1.366
528,-3.371,-2.974,0.265,0.68,2.206,1.416
528.5,-3.439,-3.034,0.313,0.737,2.157,1.436
529,-3.277,-2.933,0.337,0.8,2.092,1.445
529.5,-3.101,-2.741,0.309,0.833,2.072,1.459
530,-2.917,-2.494,0.317,0.847,2.047,1.46
530.5,-2.588,-2.18,0.325,0.904,2.036,1.472
531,-2.206,-1.832,0.312,0.907,2.068,1.433
531.5,-1.901,-1.532,0.28,0.907,2.101,1.422
532,-1.775,-1.437,0.304,0.875,2.121,1.446
532.5,-1.871,-1.496,0.327,0.85,2.121,1.464
533,-2.061,-1.676,0.322,0.825,2.098,1.477
533.5,-2.292,-1.976,0.295,0.725,2.112,1.408
534,-2.493,-2.25,0.254,0.624,2.066,1.339
534.5,-2.802,-2.528,0.235,0.601,1.99,1.362
535,-3.032,-2.737,0.152,0.556,2.014,1.358
535.5,-3.025,-2.724,0.172,0.613,2.019,1.391
536,-2.908,-2.555,0.22,0.67,2,1.422
536.5,-2.669,-2.32,0.237,0.699,1.945,1.445
537,-2.48,-2.095,0.261,0.738,1.915,1.439
537.5,-2.436,-2.004,0.315,0.745,1.89,1.392
538,-2.437,-1.996,0.36,0.787,1.813,1.386
538.5,-2.559,-2.132,0.395,0.827,1.752,1.42
539,-2.8,-2.386,0.428,0.806,1.67,1.493
539.5,-3.106,-2.702,0.461,0.823,1.631,1.574
540,-3.349,-2.997,0.382,0.763,1.716,1.606
540.5,-3.44,-3.081,0.373,0.749,1.777,1.631
541,-3.38,-2.999,0.397,0.758,1.873,1.672
541.5,-3.012,-2.645,0.311,0.687,1.933,1.63
542,-2.554,-2.238,0.273,0.699,1.961,1.615
542.5,-2.175,-1.957,0.213,0.631,1.996,1.52
543,-1.882,-1.686,0.221,0.642,1.938,1.512
543.5,-1.701,-1.505,0.26,0.753,1.833,1.595
544,-1.737,-1.581,0.299,0.757,1.743,1.656
544.5,-1.924,-1.766,0.313,0.781,1.63,1.628
545,-2.199,-1.989,0.28,0.787,1.555,1.617
545.5,-2.428,-2.141,0.261,0.767,1.556,1.591
546,-2.633,-2.165,0.233,0.738,1.656,1.523
546.5,-2.687,-2.121,0.157,0.615,1.743,1.437
547,-2.652,-2.045,0.079,0.522,1.849,1.332
547.5,-2.568,-1.989,-0.069,0.372,1.954,1.157
548,-2.469,-1.881,-0.066,0.351,1.915,1.12
548.5,-2.342,-1.765,-0.025,0.417,1.847,1.16
549,-2.293,-1.849,0.005,0.425,1.762,1.19
549.5,-2.429,-1.979,0.092,0.538,1.632,1.271
550,-2.463,-2.062,0.162,0.656,1.503,1.363
550.5,-2.555,-2.255,0.252,0.757,1.442,1.5
551,-2.73,-2.468,0.354,0.887,1.409,1.595
551.5,-2.932,-2.677,0.394,0.932,1.387,1.67
552,-3.042,-2.769,0.384,0.912,1.409,1.621
552.5,-3.065,-2.706,0.301,0.867,1.457,1.578
553,-2.958,-2.522,0.26,0.812,1.482,1.574
553.5,-2.778,-2.234,0.164,0.687,1.568,1.476
554,-2.567,-1.986,0.019,0.51,1.642,1.368
554.5,-2.361,-1.686,0.021,0.542,1.611,1.435
555,-2.142,-1.461,-0.072,0.549,1.605,1.376
555.5,-2.195,-1.537,-0.048,0.543,1.602,1.328
556,-2.26,-1.69,-0.013,0.562,1.574,1.308
556.5,-2.482,-1.946,0.071,0.61,1.502,1.324
557,-2.723,-2.257,0.215,0.712,1.44,1.392
557.5,-3.074,-2.653,0.232,0.801,1.393,1.472
558,-3.349,-2.972,0.262,0.817,1.382,1.533
558.5,-3.503,-3.12,0.195,0.723,1.415,1.487
559,-3.553,-3.192,0.142,0.612,1.423,1.434
559.5,-3.519,-3.13,0.097,0.677,1.302,1.46
560,-3.41,-2.984,0.01,0.689,1.262,1.435
560.5,-3.327,-2.782,0.053,0.676,1.243,1.384
561,-3.15,-2.619,0.034,0.628,1.257,1.305
561.5,-3.104,-2.582,0.12,0.686,1.298,1.287
562,-3.157,-2.637,0.227,0.802,1.327,1.335
562.5,-3.296,-2.79,0.194,0.848,1.354,1.373
563,-3.549,-2.995,0.121,0.801,1.482,1.345
563.5,-3.704,-3.159,0.03,0.679,1.589,1.243
564,-3.793,-3.335,-0.002,0.601,1.619,1.211
564.5,-3.771,-3.397,-0.065,0.576,1.554,1.214
565,-3.663,-3.387,-0.098,0.497,1.501,1.23
565.5,-3.495,-3.143,-0.062,0.467,1.351,1.245
566,-3.32,-3.01,-0.071,0.42,1.293,1.208
566.5,-3.225,-2.965,-0.013,0.472,1.25,1.267
567,-3.29,-2.958,0.076,0.579,1.155,1.356
567.5,-3.343,-2.92,0.121,0.677,1.034,1.441
568,-3.389,-2.918,0.167,0.748,1.016,1.488
568.5,-3.383,-2.883,0.23,0.769,1.04,1.504
569,-3.363,-2.902,0.271,0.797,1.125,1.503
569.5,-3.366,-2.973,0.251,0.771,1.224,1.435
570,-3.351,-2.993,0.231,0.706,1.282,1.316
570.5,-3.204,-2.781,0.242,0.712,1.258,1.279
571,-3.07,-2.671,0.136,0.612,1.328,1.222
571.5,-2.89,-2.553,0.023,0.544,1.357,1.181
572,-2.822,-2.442,-0.011,0.517,1.294,1.157
572.5,-2.817,-2.424,-0.046,0.553,1.156,1.197
573,-2.885,-2.452,-0.01,0.573,1.12,1.267
573.5,-3.046,-2.587,-0.021,0.572,1.133,1.291
574,-3.166,-2.69,-0.03,0.599,1.172,1.279
574.5,-3.359,-2.893,-0.037,0.594,1.196,1.225
575,-3.385,-3,0.002,0.634,1.188,1.228
575.5,-3.31,-2.919,0.082,0.678,1.187,1.321
576,-3.167,-2.801,0.066,0.633,1.21,1.395
576.5,-2.985,-2.65,0.046,0.583,1.206,1.412
577,-2.916,-2.589,0.118,0.566,1.144,1.466
577.5,-2.933,-2.657,0.126,0.604,1.073,1.556
578,-3.062,-2.804,0.119,0.594,1.095,1.554
578.5,-3.165,-2.914,0.084,0.613,1.095,1.538
579,-3.224,-2.96,0.079,0.673,1.079,1.484
579.5,-3.331,-3.027,0.08,0.715,1.049,1.392
580,-3.263,-3.036,0.063,0.693,1.076,1.339
580.5,-3.279,-2.981,0.08,0.708,1.135,1.324
581,-3.191,-2.854,0.09,0.656,1.196,1.302
581.5,-3.201,-2.799,0.111,0.648,1.195,1.266
582,-3.214,-2.869,0.129,0.642,1.183,1.282
582.5,-3.256,-2.874,0.134,0.69,1.15,1.326
583,-3.163,-2.809,0.066,0.71,1.104,1.291
583.5,-3.106,-2.659,0.024,0.697,1.07,1.345
584,-3.049,-2.548,-0.008,0.737,1.012,1.359
584.5,-3.047,-2.451,0.082,0.801,0.863,1.444
585,-3.1,-2.523,0.169,0.846,0.802,1.55
585.5,-3.269,-2.694,0.219,0.837,0.788,1.549
586,-3.36,-2.832,0.31,0.816,0.795,1.554
586.5,-3.546,-3.071,0.346,0.79,0.849,1.505
587,-3.603,-3.187,0.359,0.793,0.925,1.467
587.5,-3.709,-3.21,0.366,0.839,0.961,1.446
588,-3.505,-3.047,0.302,0.861,0.968,1.454
588.5,-3.194,-2.69,0.263,0.836,0.959,1.45
589,-2.851,-2.249,0.244,0.902,0.886,1.479
589.5,-2.594,-1.918,0.299,0.972,0.767,1.515
590,-2.425,-1.722,0.298,0.972,0.741,1.496
590.5,-2.363,-1.653,0.257,0.905,0.742,1.434
591,-2.41,-1.798,0.267,0.874,0.761,1.456
591.5,-2.606,-2.089,0.228,0.795,0.847,1.403
592,-2.866,-2.416,0.201,0.772,0.914,1.388
592.5,-3.18,-2.728,0.148,0.753,0.952,1.433
593,-3.334,-2.902,0.058,0.717,0.924,1.458
593.5,-3.357,-2.945,0.023,0.725,0.838,1.481
594,-3.254,-2.742,0.003,0.752,0.739,1.542
594.5,-3.071,-2.554,-0.003,0.712,0.713,1.527
595,-2.897,-2.355,0.005,0.652,0.751,1.47
595.5,-2.806,-2.204,-0.032,0.59,0.83,1.422
596,-2.73,-2.197,-0.049,0.522,0.905,1.412
596.5,-2.734,-2.272,-0.044,0.508,0.981,1.372
597,-2.782,-2.392,-0.024,0.505,1.037,1.329
597.5,-2.871,-2.447,0.019,0.54,1.054,1.308
598,-2.939,-2.496,0.014,0.554,0.994,1.265
598.5,-3.049,-2.561,0.041,0.62,0.857,1.255
599,-3.121,-2.591,0.081,0.664,0.789,1.294
599.5,-3.25,-2.756,0.139,0.727,0.766,1.335
600,-3.347,-2.858,0.146,0.728,0.771,1.346
600.5,-3.454,-2.925,0.103,0.689,0.844,1.356
601,-3.505,-2.972,0.066,0.621,0.924,1.395
601.5,-3.611,-3.108,0.07,0.658,0.937,1.442
602,-3.673,-3.224,0.074,0.659,0.935,1.425
602.5,-3.739,-3.293,0.107,0.679,0.978,1.457
603,-3.862,-3.473,0.095,0.668,0.984,1.477
603.5,-4.135,-3.769,0.103,0.646,0.978,1.473
604,-4.364,-4.022,0.114,0.652,0.995,1.454
604.5,-4.566,-4.24,0.101,0.672,1.013,1.449
605,-4.551,-4.178,0.095,0.652,1.021,1.392
605.5,-4.445,-4.107,0.01,0.601,1.057,1.324
606,-4.094,-3.673,-0.007,0.605,1.005,1.288
606.5,-3.725,-3.282,-0.045,0.608,0.925,1.172
607,-3.398,-2.92,-0.04,0.603,0.857,1.136
607.5,-3.105,-2.58,-0.036,0.619,0.844,1.104
608,-3.199,-2.655,-0.122,0.553,0.889,1.046
608.5,-3.529,-2.954,-0.162,0.524,0.927,1.014
609,-3.882,-3.27,-0.128,0.557,0.966,1.022
609.5,-4.275,-3.622,-0.116,0.558,1,1.056
610,-4.664,-3.966,-0.097,0.547,1.103,1.039
610.5,-4.89,-4.271,-0.174,0.543,1.189,1.028
611,-4.914,-4.292,-0.183,0.524,1.194,1.045
611.5,-4.84,-4.384,-0.209,0.401,1.157,1.032
612,-4.802,-4.37,-0.151,0.359,1.027,1.104
612.5,-4.793,-4.298,-0.091,0.374,0.865,1.159
613,-5.013,-4.579,-0.034,0.335,0.771,1.191
613.5,-5.302,-4.933,0.084,0.384,0.666,1.228
614,-5.565,-5.148,0.231,0.507,0.571,1.288
614.5,-5.667,-5.145,0.298,0.583,0.548,1.287
615,-5.593,-4.918,0.285,0.728,0.631,1.264
615.5,-5.258,-4.558,0.165,0.769,0.72,1.203
616,-4.662,-3.99,0.062,0.775,0.791,1.221
616.5,-4.045,-3.433,0.032,0.782,0.793,1.296
617,-3.661,-2.933,-0.049,0.753,0.768,1.318
617.5,-3.315,-2.569,-0.113,0.708,0.776,1.352
618,-3.31,-2.724,-0.191,0.619,0.859,1.304
618.5,-3.511,-3.042,-0.191,0.604,0.888,1.248
619,-3.842,-3.438,-0.137,0.661,0.852,1.296
619.5,-4.227,-3.772,-0.115,0.661,0.889,1.297
620,-4.475,-3.921,-0.121,0.691,0.9,1.264
620.5,-4.558,-3.992,-0.109,0.621,0.852,1.24
621,-4.406,-3.825,-0.097,0.601,0.862,1.22
621.5,-4.259,-3.591,0.046,0.661,0.767,1.236
622,-4.141,-3.388,0.074,0.616,0.726,1.159
622.5,-3.964,-3.274,0.126,0.686,0.64,1.187
623,-3.932,-3.288,0.114,0.779,0.658,1.2
623.5,-3.853,-3.27,0.201,0.861,0.57,1.226
624,-3.785,-3.248,0.226,0.925,0.52,1.319
624.5,-3.758,-3.266,0.212,0.894,0.513,1.292
625,-3.765,-3.293,0.157,0.769,0.535,1.22
625.5,-3.821,-3.302,0.069,0.651,0.512,1.174
626,-3.81,-3.333,0.026,0.6,0.49,1.136
626.5,-3.876,-3.502,-0.013,0.552,0.471,1.088
627,-3.973,-3.65,0.062,0.558,0.481,1.129
627.5,-4.176,-3.853,0.121,0.627,0.481,1.232
628,-4.477,-4.071,0.117,0.615,0.619,1.233
628.5,-4.734,-4.259,0.142,0.615,0.702,1.271
629,-4.982,-4.42,0.089,0.573,0.847,1.277
629.5,-4.928,-4.412,0.046,0.486,1.002,1.203
630,-4.828,-4.247,-0.062,0.346,1.129,1.104
630.5,-4.601,-4.052,-0.176,0.296,1.103,1.049
631,-4.243,-3.813,-0.272,0.288,1.06,1.001
631.5,-4.018,-3.659,-0.372,0.272,0.984,0.972
632,-3.86,-3.534,-0.255,0.366,0.866,1.03
632.5,-3.754,-3.409,-0.207,0.416,0.738,1.07
633,-3.872,-3.521,-0.057,0.527,0.622,1.188
633.5,-3.898,-3.514,0.105,0.732,0.481,1.411
634,-3.825,-3.449,0.2,0.818,0.409,1.472
634.5,-3.663,-3.28,0.155,0.779,0.42,1.342
635,-3.591,-3.252,0.029,0.682,0.45,1.174
635.5,-3.527,-3.282,-0.035,0.677,0.446,1.068
636,-3.574,-3.318,-0.119,0.621,0.449,0.907
636.5,-3.755,-3.459,-0.073,0.701,0.286,0.909
637,-4.025,-3.726,0.016,0.825,0.202,0.989
637.5,-4.373,-4.069,0.072,0.913,0.158,1.017
638,-4.657,-4.355,0.205,0.935,0.152,1.176
638.5,-4.596,-4.28,0.157,0.891,0.248,1.237
639,-4.422,-4.096,0.036,0.758,0.406,1.242
639.5,-4.334,-3.877,-0.106,0.629,0.564,1.144
640,-4.358,-3.883,-0.231,0.489,0.753,1.093
640.5,-4.311,-3.74,-0.323,0.368,0.841,0.992
641,-4.291,-3.684,-0.427,0.24,0.898,0.886
641.5,-4.229,-3.646,-0.454,0.305,0.784,0.893
642,-4.276,-3.62,-0.495,0.295,0.736,0.815
642.5,-4.459,-3.838,-0.426,0.389,0.585,0.779
643,-4.597,-4.037,-0.36,0.44,0.494,0.829
643.5,-4.718,-4.182,-0.411,0.472,0.435,0.829
644,-4.843,-4.303,-0.383,0.532,0.398,0.926
644.5,-4.961,-4.437,-0.26,0.703,0.333,1.028
645,-5.228,-4.754,-0.178,0.713,0.308,1.076
645.5,-5.304,-4.837,-0.137,0.631,0.336,1.099
646,-5.226,-4.804,-0.154,0.603,0.438,1.136
646.5,-5.039,-4.644,-0.153,0.555,0.582,1.226
647,-4.731,-4.343,-0.114,0.556,0.71,1.23
647.5,-4.592,-4.24,-0.005,0.651,0.736,1.256
648,-4.382,-4.104,0.119,0.784,0.695,1.382
648.5,-4.129,-3.852,0.163,0.8,0.666,1.324
649,-3.836,-3.46,0.129,0.736,0.701,1.232
649.5,-3.597,-3.122,0.057,0.622,0.688,1.124
650,-3.578,-2.956,-0.075,0.473,0.646,1.011
650.5,-3.481,-2.82,-0.116,0.394,0.653,0.964
651,-3.476,-2.785,-0.173,0.324,0.646,0.972
651.5,-3.672,-3.014,-0.18,0.306,0.629,1.097
652,-3.892,-3.344,-0.201,0.407,0.566,1.127
652.5,-4.285,-3.79,-0.02,0.646,0.391,1.283
653,-4.575,-4.211,0.264,0.946,0.188,1.559
653.5,-4.513,-4.364,0.38,1.031,0.166,1.545
654,-4.496,-4.285,0.241,0.964,0.234,1.429
654.5,-4.427,-4.171,0.118,0.795,0.275,1.264
655,-4.259,-3.882,-0.028,0.718,0.304,1.083
655.5,-4.015,-3.696,-0.081,0.671,0.318,0.912
656,-4.024,-3.572,-0.063,0.546,0.292,0.86
656.5,-4.205,-3.668,-0.161,0.51,0.275,0.864
657,-4.512,-3.863,-0.173,0.578,0.258,0.94
657.5,-4.832,-4.116,0.023,0.794,0.173,1.189
658,-5.02,-4.348,0.228,0.965,0.156,1.374
658.5,-4.797,-4.344,0.288,0.956,0.195,1.345
659,-4.522,-4.085,0.204,0.864,0.32,1.281
659.5,-4.281,-3.899,0.1,0.744,0.407,1.218
660,-4.043,-3.689,-0.004,0.611,0.501,1.174
660.5,-3.913,-3.673,-0.117,0.453,0.593,1.026
661,-3.965,-3.792,-0.072,0.456,0.617,1.114
661.5,-4.062,-3.864,-0.157,0.507,0.579,1.161
662,-4.365,-4.057,-0.093,0.584,0.557,1.284
662.5,-4.669,-4.263,0.017,0.61,0.449,1.358
663,-4.824,-4.291,0.035,0.609,0.328,1.338
663.5,-4.717,-4.207,-0.004,0.541,0.303,1.238
664,-4.548,-4.012,-0.076,0.559,0.391,1.187
664.5,-4.715,-4.094,-0.161,0.599,0.436,1.234
665,-4.8,-4.323,-0.286,0.538,0.548,1.119
665.5,-4.881,-4.468,-0.416,0.498,0.686,0.896
666,-4.842,-4.529,-0.345,0.653,0.704,0.907
666.5,-4.688,-4.306,-0.335,0.698,0.715,0.88
667,-4.46,-4.033,-0.258,0.66,0.814,0.859
667.5,-4.204,-3.747,-0.148,0.597,0.764,0.888
668,-3.895,-3.349,-0.088,0.572,0.681,0.943
668.5,-3.568,-2.999,0.044,0.651,0.654,1.05
669,-3.354,-2.738,0.063,0.705,0.593,1.114
669.5,-3.387,-2.715,0.032,0.775,0.502,1.191
670,-3.485,-2.876,0.009,0.823,0.457,1.15
670.5,-3.805,-3.134,-0.087,0.777,0.493,0.997
671,-4.236,-3.566,-0.078,0.736,0.441,1.007
671.5,-4.561,-3.898,-0.128,0.691,0.476,0.978
672,-4.934,-4.286,-0.093,0.646,0.486,1.004
672.5,-5.247,-4.727,-0.103,0.606,0.432,1.004
673,-5.435,-4.94,-0.123,0.561,0.381,1.001
673.5,-5.449,-4.953,0.002,0.626,0.217,1.09
674,-5.357,-4.918,-0.05,0.667,0.104,1.132
674.5,-5.34,-4.867,-0.092,0.729,0.083,1.151
675,-5.342,-4.927,-0.03,0.787,0.025,1.231
675.5,-5.367,-5.025,0.037,0.887,0.051,1.313
676,-5.452,-5.106,0.158,0.944,0.064,1.467
676.5,-5.497,-5.138,0.221,0.945,0.109,1.493
677,-5.789,-5.358,0.311,1.004,0.145,1.495
677.5,-6.048,-5.629,0.166,0.871,0.284,1.358
678,-6.304,-5.812,0.012,0.727,0.378,1.162
678.5,-6.348,-5.857,-0.074,0.597,0.437,1.041
679,-6.341,-5.864,-0.224,0.476,0.531,0.937
679.5,-6.21,-5.72,-0.285,0.396,0.659,0.847
680,-5.991,-5.586,-0.257,0.383,0.674,0.86
680.5,-5.742,-5.4,-0.248,0.499,0.716,0.965
681,-5.537,-5.15,-0.156,0.531,0.727,1.047
681.5,-5.252,-4.902,-0.044,0.596,0.624,1.134
682,-5.092,-4.741,0.119,0.788,0.511,1.274
682.5,-5.044,-4.638,0.16,0.847,0.326,1.391
683,-5.015,-4.606,0.177,0.869,0.105,1.426
683.5,-4.73,-4.313,0.148,0.811,-0.038,1.487
684,-4.234,-3.788,0.067,0.765,-0.127,1.528
684.5,-3.79,-3.373,0.029,0.692,-0.177,1.471
685,-3.664,-3.203,-0.065,0.597,-0.177,1.371
685.5,-3.865,-3.45,-0.208,0.516,-0.065,1.257
686,-4.294,-3.844,-0.23,0.456,-0.02,1.163
686.5,-4.495,-4.161,-0.114,0.539,0.039,1.224
687,-4.782,-4.389,0.08,0.575,0.061,1.294
687.5,-5.154,-4.721,0.137,0.615,-0.013,1.32
688,-5.377,-4.887,0.117,0.546,0.027,1.281
688.5,-5.205,-4.66,0.06,0.437,0.121,1.206
689,-4.915,-4.286,-0.106,0.325,0.33,1.037
689.5,-4.661,-4.044,-0.27,0.132,0.508,0.846
690,-4.581,-3.799,-0.44,0.016,0.615,0.685
690.5,-4.695,-4.044,-0.575,-0.027,0.713,0.592
691,-4.979,-4.219,-0.57,0.02,0.706,0.562
691.5,-5.186,-4.413,-0.518,0.095,0.752,0.627
692,-5.527,-4.729,-0.334,0.244,0.622,0.816
692.5,-5.749,-5.007,-0.278,0.367,0.484,0.937
693,-5.947,-5.181,-0.236,0.393,0.424,0.954
693.5,-5.952,-5.121,-0.207,0.435,0.413,0.988
694,-5.983,-5.149,-0.212,0.465,0.474,0.956
694.5,-5.835,-4.996,-0.3,0.43,0.49,0.941
695,-5.685,-4.712,-0.379,0.449,0.424,0.931
695.5,-5.536,-4.617,-0.481,0.414,0.442,0.901
696,-5.313,-4.368,-0.523,0.382,0.472,0.739
696.5,-5.109,-4.233,-0.495,0.38,0.5,0.75
697,-4.917,-4.151,-0.372,0.467,0.449,0.873
697.5,-4.585,-3.961,-0.321,0.462,0.344,0.972
698,-4.322,-3.82,-0.296,0.392,0.344,0.947
698.5,-4.231,-3.787,-0.325,0.395,0.333,0.991
699,-4.277,-3.97,-0.355,0.408,0.3,0.93
699.5,-4.383,-4.132,-0.418,0.37,0.263,0.883
700,-4.59,-4.225,-0.515,0.32,0.199,0.819
700.5,-4.611,-4.11,-0.535,0.303,0.124,0.801
701,-4.521,-3.865,-0.391,0.351,0.022,0.805
701.5,-4.569,-3.631,-0.165,0.471,-0.088,0.935
702,-4.567,-3.533,0.001,0.608,-0.122,1.043
702.5,-4.53,-3.465,0.094,0.664,-0.144,1.121
703,-4.318,-3.54,0.136,0.642,-0.052,1.073
703.5,-4.244,-3.654,0.091,0.679,0.018,1.041
704,-4.233,-3.868,0.002,0.656,0.038,0.984
704.5,-4.355,-4.163,-0.068,0.57,0.139,0.935
705,-4.496,-4.367,-0.163,0.541,0.141,0.893
705.5,-4.554,-4.369,-0.157,0.576,0.104,0.932
706,-4.631,-4.256,-0.122,0.616,0.115,0.989
706.5,-4.907,-4.36,-0.008,0.671,0.133,1.016
707,-5.101,-4.479,0.059,0.739,0.165,0.996
707.5,-5.289,-4.576,0.088,0.777,0.078,0.983
708,-5.459,-4.813,0.083,0.781,-0.054,0.984
708.5,-5.609,-4.972,0.05,0.75,-0.166,1.021
709,-5.753,-5.191,-0.001,0.614,-0.246,1.023
709.5,-5.825,-5.386,-0.085,0.519,-0.231,0.972
710,-5.983,-5.556,-0.145,0.489,-0.237,0.86
710.5,-6.079,-5.719,-0.18,0.422,-0.13,0.796
711,-6.01,-5.683,-0.221,0.428,-0.004,0.784
711.5,-5.854,-5.532,-0.14,0.504,0.074,0.866
712,-5.493,-5.047,-0.172,0.554,0.163,0.893
712.5,-5.137,-4.644,-0.141,0.703,0.111,0.975
713,-4.947,-4.285,-0.123,0.706,0.005,1.158
713.5,-4.761,-3.956,-0.151,0.612,-0.067,1.202
714,-4.622,-3.702,-0.25,0.474,-0.071,1.154
714.5,-4.6,-3.79,-0.368,0.354,-0.102,1.1
715,-4.804,-3.961,-0.313,0.305,-0.137,1.046
715.5,-4.986,-4.155,-0.338,0.273,-0.156,1.042
716,-5.154,-4.345,-0.429,0.206,-0.138,0.884
716.5,-5.189,-4.41,-0.438,0.154,-0.114,0.876
717,-5.221,-4.499,-0.43,0.139,-0.122,0.791
717.5,-5.327,-4.64,-0.298,0.288,-0.16,0.843
718,-5.412,-4.691,-0.215,0.312,-0.203,1.013
718.5,-5.601,-4.878,-0.2,0.325,-0.155,0.959
719,-5.73,-5.076,-0.254,0.335,-0.086,0.895
719.5,-5.875,-5.315,-0.215,0.401,-0.119,0.95
720,-6.042,-5.367,-0.118,0.526,-0.144,1.012
720.5,-6.162,-5.389,-0.114,0.577,-0.121,1.019
721,-6.065,-5.256,-0.123,0.549,-0.047,0.927
721.5,-5.694,-4.909,-0.133,0.472,0.008,0.903
722,-5.422,-4.477,-0.183,0.42,-0.035,0.881
722.5,-5.087,-4.09,-0.175,0.523,-0.037,1.027
723,-4.872,-3.995,-0.069,0.609,-0.087,1.205
723.5,-4.904,-4.051,-0.039,0.639,-0.136,1.279
724,-4.89,-4.225,-0.183,0.57,-0.209,1.21
724.5,-4.975,-4.381,-0.024,0.651,-0.381,1.274
725,-5.031,-4.446,0.08,0.681,-0.542,1.312
725.5,-4.965,-4.452,0.213,0.692,-0.679,1.303
726,-4.606,-4.199,0.271,0.648,-0.675,1.215
726.5,-4.185,-3.77,0.212,0.487,-0.669,1.008
727,-3.886,-3.365,0.208,0.455,-0.652,0.935
727.5,-3.733,-3.211,0.255,0.609,-0.616,0.908
728,-3.888,-3.397,0.327,0.7,-0.523,0.902
728.5,-4.241,-3.647,0.311,0.77,-0.388,0.996
729,-4.532,-4.001,0.206,0.759,-0.17,0.982
729.5,-4.823,-4.163,0.271,0.874,-0.127,1.089
730,-5.184,-4.368,0.214,0.828,-0.026,1.165
730.5,-5.439,-4.721,0.125,0.737,0.063,1.191
731,-5.73,-5.067,-0.097,0.461,0.299,1.033
731.5,-6.029,-5.248,-0.258,0.245,0.399,0.935
732,-6.209,-5.491,-0.404,0.102,0.518,0.782
732.5,-6.406,-5.643,-0.629,0.078,0.597,0.573
733,-6.494,-5.697,-0.787,0.027,0.67,0.408
733.5,-6.649,-5.748,-0.871,0.111,0.675,0.426
734,-6.543,-5.605,-0.825,0.23,0.622,0.469
734.5,-6.371,-5.326,-0.746,0.425,0.406,0.629
735,-6.242,-5.176,-0.589,0.57,0.262,0.858
735.5,-5.855,-5.034,-0.34,0.76,0.082,1.067
736,-5.608,-4.919,-0.151,0.704,0.051,1.094
736.5,-5.553,-4.938,0.02,0.71,-0.074,1.104
737,-5.604,-5.176,0.065,0.685,-0.086,1.006
737.5,-5.864,-5.434,0.078,0.647,-0.114,0.98
738,-6.178,-5.801,0.001,0.561,-0.163,0.931
738.5,-6.652,-6.216,-0.192,0.445,-0.135,0.908
739,-6.959,-6.567,-0.315,0.354,-0.07,0.924
739.5,-6.991,-6.515,-0.35,0.442,-0.067,1.031
740,-6.674,-6.16,-0.275,0.507,-0.054,1.056
740.5,-6.215,-5.822,-0.178,0.615,-0.061,1.034
741,-5.77,-5.449,-0.048,0.605,-0.04,0.919
741.5,-5.488,-5.231,0.024,0.74,-0.164,0.93
742,-5.109,-4.937,0.104,0.857,-0.248,0.874
742.5,-4.768,-4.654,0.104,0.86,-0.404,0.931
743,-4.486,-4.541,0.142,0.866,-0.558,1.032
743.5,-4.306,-4.262,0.081,0.698,-0.648,1.088
744,-4.253,-4.16,0.036,0.596,-0.646,1.132
744.5,-4.146,-3.977,-0.053,0.58,-0.659,1.037
745,-4.158,-4.009,-0.157,0.407,-0.572,0.823
745.5,-4.545,-4.373,-0.289,0.327,-0.368,0.643
746,-5.041,-4.783,-0.285,0.363,-0.251,0.666
746.5,-5.498,-5.137,-0.298,0.531,-0.214,0.738
747,-5.745,-5.271,-0.332,0.589,-0.149,0.744
747.5,-5.895,-5.329,-0.321,0.626,-0.177,0.904
748,-5.959,-5.352,-0.146,0.752,-0.265,1.13
748.5,-5.976,-5.139,-0.067,0.671,-0.22,1.149
749,-6.107,-5.162,-0.081,0.617,-0.142,1.159
749.5,-5.901,-5.055,-0.129,0.535,-0.182,1.042
750,-5.906,-5.197,-0.211,0.42,-0.193,0.869
750.5,-6.156,-5.619,-0.283,0.26,-0.145,0.781
751,-6.413,-6.009,-0.15,0.273,-0.176,0.918
751.5,-6.604,-6.124,-0.066,0.318,-0.194,0.888
752,-6.629,-6.129,-0.172,0.284,-0.082,0.789
752.5,-6.599,-6.155,-0.191,0.297,-0.061,0.759
753,-6.858,-6.361,-0.318,0.277,-0.012,0.767
753.5,-7.138,-6.518,-0.339,0.234,0.111,0.714
754,-7.517,-6.66,-0.291,0.427,0.023,0.855
754.5,-7.462,-6.623,-0.201,0.563,-0.137,0.977
755,-7.495,-6.668,-0.183,0.626,-0.291,1.067
755.5,-7.424,-6.833,-0.069,0.647,-0.402,1.259
756,-7.114,-6.536,0.076,0.767,-0.459,1.442
756.5,-6.699,-6.063,0.121,0.831,-0.419,1.426
757,-6.307,-5.785,0.002,0.728,-0.261,1.246
757.5,-6.073,-5.554,-0.117,0.584,-0.118,1.079
758,-6.227,-5.541,-0.272,0.424,0.007,0.993
758.5,-6.498,-5.674,-0.173,0.393,-0.025,0.875
759,-7.157,-5.967,-0.013,0.605,-0.179,0.967
759.5,-7.423,-6.247,0.148,0.697,-0.254,1.06
760,-7.72,-6.6,0.315,0.722,-0.305,1.119
760.5,-7.86,-6.947,0.433,0.783,-0.269,1.099
761,-7.833,-6.975,0.442,0.904,-0.165,1.078
761.5,-7.68,-6.934,0.429,0.942,-0.055,1.078
762,-7.602,-7.025,0.219,0.844,0.029,1.011
762.5,-7.59,-6.974,0.095,0.755,0.099,0.988
763,-7.657,-7.034,-0.016,0.684,0.036,0.968
763.5,-7.826,-7.201,-0.066,0.616,-0.139,1.016
764,-7.838,-7.266,-0.068,0.664,-0.291,1.162
764.5,-7.641,-7.259,-0.217,0.605,-0.335,1.216
765,-7.569,-7.215,-0.19,0.507,-0.343,1.114
765.5,-7.323,-6.884,-0.164,0.439,-0.247,1.001
766,-6.941,-6.416,-0.069,0.601,-0.156,0.993
766.5,-6.281,-5.637,-0.049,0.562,-0.063,1.056
767,-5.835,-5.115,-0.014,0.545,-0.072,1.18
767.5,-5.551,-4.786,0.035,0.575,-0.103,1.336
768,-5.345,-4.664,0.145,0.628,-0.201,1.426
768.5,-5.333,-4.712,0.24,0.699,-0.3,1.56
769,-5.462,-4.947,0.251,0.713,-0.357,1.483
769.5,-5.567,-5.109,0.006,0.604,-0.297,1.19
770,-5.577,-4.947,-0.098,0.475,-0.089,0.846
770.5,-5.521,-4.613,-0.211,0.451,-0.002,0.668
771,-5.167,-4.196,-0.202,0.515,-0.017,0.588
771.5,-4.575,-3.785,-0.217,0.468,-0.103,0.647
772,-4.331,-3.828,-0.264,0.378,-0.242,0.694
772.5,-4.452,-4.157,-0.245,0.36,-0.37,0.795
773,-4.843,-4.671,-0.148,0.392,-0.591,0.96
773.5,-5.764,-5.432,0.064,0.419,-0.701,1.15
774,-6.769,-6.225,0.074,0.443,-0.681,1.117
774.5,-7.285,-6.622,-0.04,0.345,-0.545,0.967
775,-7.743,-6.68,-0.117,0.315,-0.285,0.818
775.5,-7.698,-6.355,-0.139,0.396,-0.199,0.781
776,-7.137,-5.716,-0.175,0.394,-0.165,0.675
776.5,-6.167,-5.239,-0.251,0.416,-0.19,0.552
777,-5.463,-5.013,-0.318,0.373,-0.255,0.437
777.5,-5.161,-4.929,-0.388,0.299,-0.3,0.33
778,-5.153,-5.01,-0.51,0.262,-0.344,0.365
778.5,-5.666,-5.524,-0.384,0.317,-0.335,0.468
779,-6.467,-6.26,-0.409,0.453,-0.216,0.526
779.5,-7.251,-6.864,-0.336,0.506,-0.083,0.667
780,-7.871,-7.056,-0.268,0.608,0.015,0.895
780.5,-8.02,-7.009,-0.255,0.675,0.138,1.035
781,-7.948,-6.823,-0.3,0.629,0.219,1.011
781.5,-7.553,-6.658,-0.233,0.767,0.211,1.139
782,-7.046,-6.357,-0.128,0.812,0.15,1.262
782.5,-6.758,-5.997,-0.289,0.67,0.155,1.191
783,-6.681,-5.78,-0.347,0.509,0.078,1.114
783.5,-6.568,-5.798,-0.401,0.416,-0.009,1.101
784,-6.479,-5.733,-0.446,0.389,-0.024,1.038
784.5,-6.253,-5.557,-0.364,0.393,-0.148,1.098
785,-6.059,-5.421,-0.43,0.387,-0.245,1.096
785.5,-6.198,-5.645,-0.261,0.496,-0.32,1.059
786,-6.234,-5.843,-0.162,0.534,-0.333,1.017
786.5,-6.372,-6.011,0.121,0.706,-0.298,1.172
787,-6.519,-6.162,0.415,0.835,-0.281,1.292
787.5,-6.689,-6.188,0.331,0.822,-0.078,1.273
788,-6.649,-5.947,0.309,0.681,0.085,1.142
788.5,-6.341,-5.7,0.248,0.675,0.225,1.164
789,-6.093,-5.502,0.183,0.64,0.212,1.136
789.5,-5.827,-5.306,0.114,0.639,0.065,1.142
790,-5.884,-5.322,-0.079,0.57,0.013,0.92
790.5,-6.021,-5.386,-0.087,0.51,-0.214,0.844
791,-5.977,-5.4,-0.143,0.442,-0.298,0.874
791.5,-6.216,-5.526,-0.115,0.412,-0.298,0.926
792,-6.425,-5.737,-0.066,0.558,-0.387,1.056
792.5,-6.164,-5.478,-0.181,0.578,-0.31,1.121
793,-5.653,-4.971,-0.13,0.622,-0.289,1.318
793.5,-5.35,-4.72,-0.076,0.689,-0.251,1.42
794,-5.112,-4.546,-0.043,0.711,-0.251,1.492
794.5,-4.657,-4.21,-0.125,0.626,-0.173,1.47
795,-4.029,-3.593,-0.242,0.38,0.048,1.234
795.5,-3.614,-3.171,-0.405,0.156,0.149,1.096
796,-3.232,-2.974,-0.388,0.121,0.324,1.028
796.5,-3.251,-3.042,-0.521,-0.024,0.497,0.873
797,-3.224,-3.201,-0.493,0.093,0.404,0.872
797.5,-3.142,-3.117,-0.402,0.161,0.231,0.888
798,-3.12,-3.121,-0.292,0.285,0.034,0.987
798.5,-3.304,-3.283,-0.227,0.337,-0.114,0.894
799,-3.765,-3.677,-0.219,0.521,-0.158,0.81
799.5,-3.917,-3.827,-0.283,0.529,-0.154,0.741
800,-3.917,-3.774,-0.307,0.492,-0.222,0.61
800.5,-4.152,-3.763,-0.333,0.474,-0.382,0.609
801,-4.276,-3.918,-0.34,0.463,-0.515,0.518
801.5,-4.59,-4.051,-0.507,0.282,-0.565,0.546
802,-4.675,-4.153,-0.534,0.128,-0.661,0.617
802.5,-4.632,-4.232,-0.51,-0.03,-0.74,0.611
803,-4.72,-4.444,-0.449,-0.143,-0.616,0.621
803.5,-4.966,-4.802,-0.494,-0.33,-0.327,0.545
804,-5.601,-5.39,-0.514,-0.258,-0.018,0.418
804.5,-5.909,-5.669,-0.458,-0.226,0.181,0.287
805,-6.417,-6.036,-0.338,-0.096,0.182,0.288
805.5,-6.801,-6.185,-0.128,0.141,0.07,0.388
806,-7.06,-6.465,-0.01,0.425,-0.127,0.554
806.5,-7.278,-6.548,0.119,0.561,-0.207,0.772
807,-7.374,-6.71,0.168,0.645,-0.174,0.995
807.5,-7.146,-6.823,0.307,0.81,-0.109,1.254
808,-6.801,-6.582,0.478,1.003,-0.014,1.48
808.5,-6.422,-6.352,0.343,0.939,-0.023,1.549
809,-6.072,-5.972,0.236,0.898,0.056,1.437
809.5,-5.527,-5.479,0.092,0.797,0.168,1.227
810,-5.02,-4.885,-0.053,0.775,0.226,1.122
810.5,-4.602,-4.545,-0.086,0.79,0.146,0.98
811,-4.316,-4.297,-0.118,0.747,-0.017,0.952
811.5,-4.412,-4.141,-0.11,0.656,-0.123,0.789
812,-4.82,-4.388,-0.313,0.471,-0.051,0.618
812.5,-5.275,-4.743,-0.389,0.346,0.027,0.553
813,-5.586,-5.001,-0.41,0.459,-0.12,0.609
813.5,-5.985,-5.35,-0.49,0.413,-0.277,0.636
814,-6.497,-5.724,-0.315,0.588,-0.295,0.74
814.5,-6.42,-5.915,-0.199,0.672,-0.265,0.853
815,-6.154,-5.561,-0.049,0.714,-0.191,0.914
815.5,-5.697,-5.129,0.202,0.79,-0.217,0.931
816,-5.01,-4.202,0.361,0.861,-0.22,1.031
816.5,-4.259,-3.235,0.476,0.936,-0.236,1.139
817,-3.552,-2.524,0.338,0.832,-0.078,0.976
817.5,-3.128,-2.222,0.166,0.685,0.139,0.836
818,-2.959,-2.255,0.123,0.658,0.194,0.786
818.5,-3.061,-2.495,-0.002,0.533,0.165,0.766
819,-3.647,-3.238,-0.05,0.542,0.097,0.833
819.5,-4.525,-4.324,-0.15,0.461,-0.014,0.802
820,-5.999,-5.71,-0.103,0.509,-0.14,0.782
820.5,-7.187,-6.878,-0.098,0.52,-0.232,0.666
821,-7.997,-7.451,-0.087,0.561,-0.236,0.778
821.5,-8.419,-7.708,-0.105,0.584,-0.335,0.939
822,-8.628,-7.838,-0.144,0.622,-0.361,0.924
822.5,-8.771,-7.912,-0.105,0.639,-0.378,0.97
823,-8.858,-7.899,-0.089,0.692,-0.512,1.023
823.5,-8.667,-7.592,-0.27,0.673,-0.605,1.08
824,-8.504,-7.29,-0.406,0.669,-0.613,1.093
824.5,-8.611,-7.445,-0.472,0.714,-0.716,1.102
825,-8.808,-7.758,-0.54,0.675,-0.74,1.009
825.5,-8.662,-7.788,-0.605,0.485,-0.629,0.838
826,-8.122,-7.376,-0.501,0.399,-0.607,0.869
826.5,-7.663,-6.892,-0.392,0.345,-0.682,0.853
827,-7.208,-6.494,-0.235,0.399,-0.735,0.926
827.5,-6.714,-5.921,-0.031,0.498,-0.896,0.985
828,-6.209,-5.434,0.05,0.623,-1.066,0.957
828.5,-5.591,-4.802,0.108,0.755,-1.1,0.931
829,-4.988,-4.203,0.134,0.899,-1.02,0.954
829.5,-4.644,-4.007,0.12,0.96,-0.991,0.95
830,-4.451,-3.855,-0.026,0.887,-0.81,0.872
830.5,-4.329,-3.853,-0.077,0.851,-0.688,0.872
831,-4.492,-4.032,0.005,0.933,-0.668,1.096
831.5,-5.241,-4.712,0.207,1.012,-0.689,1.35
832,-6.201,-5.508,0.291,1.12,-0.647,1.607
832.5,-7.199,-6.388,0.326,1.068,-0.669,1.673
833,-8.04,-7.325,0.341,1.028,-0.713,1.645
833.5,-8.776,-8.029,0.22,0.968,-0.719,1.578
834,-9.316,-8.361,0.041,0.92,-0.7,1.486
834.5,-9.41,-8.392,-0.212,0.688,-0.693,1.212
835,-9.013,-7.959,-0.534,0.394,-0.558,0.826
835.5,-8.439,-7.383,-0.627,0.208,-0.482,0.696
836,-8.216,-7.066,-0.577,0.129,-0.305,0.674
836.5,-8.238,-7.123,-0.293,0.334,-0.269,0.779
837,-8.426,-7.39,-0.052,0.554,-0.221,0.939
837.5,-8.723,-8.016,0.062,0.701,-0.171,1.069
838,-9.002,-8.542,0.089,0.701,-0.023,1.043
838.5,-9.279,-8.903,-0.063,0.715,0.015,0.938
839,-9.192,-8.98,-0.129,0.755,-0.11,0.937
839.5,-9.07,-9.016,-0.319,0.587,-0.217,0.737
840,-8.802,-8.767,-0.458,0.515,-0.39,0.713
840.5,-8.771,-8.538,-0.437,0.599,-0.548,0.819
841,-8.896,-8.467,-0.382,0.528,-0.637,0.772
841.5,-9.085,-8.502,-0.207,0.773,-0.88,0.877
842,-9.182,-8.587,-0.147,0.836,-0.875,0.988
842.5,-9.08,-8.437,-0.192,0.942,-0.726,1.016
843,-8.709,-8.235,-0.164,0.868,-0.389,0.931
843.5,-8.013,-7.683,-0.217,0.724,-0.168,0.695
844,-7.109,-7.058,-0.333,0.643,-0.087,0.61
844.5,-6.765,-6.54,-0.334,0.463,0.141,0.597
845,-5.998,-5.712,-0.293,0.504,0.278,0.54
845.5,-5.698,-5.129,-0.302,0.503,0.439,0.511
846,-5.198,-4.423,-0.002,0.575,0.396,0.69
846.5,-5.519,-4.203,0.399,0.835,0.253,1.034
847,-5.731,-4.263,0.266,0.84,0.329,1.013
847.5,-6.241,-4.626,0.159,0.929,0.302,0.855
848,-6.597,-5.131,0.105,0.817,0.256,0.622
848.5,-6.817,-5.509,-0.07,0.799,0.065,0.369
849,-7.023,-5.92,-0.031,1.221,-0.338,0.502
849.5,-7.415,-6.231,0.165,1.146,-0.367,0.519
850,-6.965,-6.007,0.33,1.117,-0.481,0.383
